Policy,Emissions_MMT,Abatement_MMT,Abatement_%
Baseline,255.35999999999999,0.0,0.0
Carbon Tax ($30/ton),206.739,48.62099999999998,19.040178571428566
Clean Energy Subsidy,197.76,57.599999999999994,22.55639097744361
Dynamic Energy Pricing,208.73999999999998,46.620000000000005,18.256578947368425
Clean Energy Mandate (50%),240.0,15.359999999999985,6.015037593984958
