Policy,min,max,Range
Baseline,206.8416,308.98560000000003,102.14400000000003
Carbon Tax ($30/ton),167.45859,250.15419000000003,82.69560000000004
Clean Energy Mandate (50%),194.39999999999998,290.4,96.0
Clean Energy Subsidy,160.1856,239.2896,79.10400000000001
Dynamic Energy Pricing,169.0794,252.5754,83.49600000000001
